StartDate,EndDate,Status,IPAddress,Progress,Duration (in seconds),Finished,RecordedDate,ResponseId,RecipientLastName,RecipientFirstName,RecipientEmail,ExternalReference,LocationLatitude,LocationLongitude,DistributionChannel,UserLanguage,Q1,Q2,Q3,Q4,Q5,Q6,Q7,Q8,Q9,Q10,Q11,Q12,Q13,Q14,Q15,Q16,Q17,Q18,Q19,Q20,MTurkCode
Start Date,End Date,Response Type,IP Address,Progress,Duration (in seconds),Finished,Recorded Date,Response ID,Recipient Last Name,Recipient First Name,Recipient Email,External Data Reference,Location Latitude,Location Longitude,Distribution Channel,User Language,Lying about your income.,Lying on an insurance claim.,Lying on a tax return.,Lying about your age on a dating website.,Lying about your age to secure alcohol or other controlled product.,Lying about your contact information to avoid further interactions with someone.,"Lying to a sexual partner, about a sexually transmitted disease.","Lying to a law enforcement officer, to protect yourself.","Lying to a law enforcement officer, to protect a friend or family member.","Lying to a sexual partner, about past sexual activity.",Lying to your friends about your sexual activity.,Lying to a police officer about your speed at a traffic stop.,"Lying to a child, to avoid a difficult conversation.","Lying to a child, to maintain a tradition (such as Santa Claus or the Easter Bunny).","Lying about a food allergy at a restaurant, to avoid an ingredient you dislike.",Lying to a partner or friend about their appearance.,"Lying about an illness, to take a day off work.",Lying to a friend to protect their feelings.,"Embellishing minor characteristics, while on a date.",Lying on a resume or in a job interview,MTurkCode
"{""ImportId"":""startDate""}","{""ImportId"":""endDate""}","{""ImportId"":""status""}","{""ImportId"":""ipAddress""}","{""ImportId"":""progress""}","{""ImportId"":""duration""}","{""ImportId"":""finished""}","{""ImportId"":""recordedDate""}","{""ImportId"":""_recordId""}","{""ImportId"":""recipientLastName""}","{""ImportId"":""recipientFirstName""}","{""ImportId"":""recipientEmail""}","{""ImportId"":""externalDataReference""}","{""ImportId"":""locationLatitude""}","{""ImportId"":""locationLongitude""}","{""ImportId"":""distributionChannel""}","{""ImportId"":""userLanguage""}","{""ImportId"":""QID4""}","{""ImportId"":""QID5""}","{""ImportId"":""QID6""}","{""ImportId"":""QID7""}","{""ImportId"":""QID8""}","{""ImportId"":""QID9""}","{""ImportId"":""QID14""}","{""ImportId"":""QID11""}","{""ImportId"":""QID12""}","{""ImportId"":""QID15""}","{""ImportId"":""QID17""}","{""ImportId"":""QID18""}","{""ImportId"":""QID19""}","{""ImportId"":""QID20""}","{""ImportId"":""QID21""}","{""ImportId"":""QID22""}","{""ImportId"":""QID24""}","{""ImportId"":""QID26""}","{""ImportId"":""QID28""}","{""ImportId"":""QID29""}","{""ImportId"":""MTurkCode""}"
2017-07-30 23:13:37,2017-07-30 23:13:53,1,,100,15,1,2017-07-30 23:13:53,R_3pbdcMUY9rdEJgh,,,,,47.260803222656,-122.51049804688,preview,EN,,,,,,,,,,2,1,,,,,1,1,1,,,41527234
2017-07-30 23:24:01,2017-07-30 23:24:14,0,104.174.223.0,100,13,1,2017-07-30 23:24:15,R_31HlH6Ah3WFJOLu,,,,,34.097396850586,-117.90730285645,anonymous,EN,2,,,,,,2,2,2,,,,1,,,,,,,,7297184
2017-07-30 23:24:06,2017-07-30 23:24:39,0,73.158.44.143,100,33,1,2017-07-30 23:24:40,R_1rq3rJFPLBM9HYu,,,,,37.567001342773,-121.98289489746,anonymous,EN,,,,,,1,2,,,,,,1,,1,1,,,,,74298881
2017-07-30 23:24:51,2017-07-30 23:24:57,0,103.251.217.81,100,5,1,2017-07-30 23:24:57,R_31ygCcuPhBMO4oh,,,,,23.033294677734,72.61669921875,anonymous,EN,,1,,1,,1,,,,,,,,,,,1,,,1,61650094
2017-07-30 23:25:03,2017-07-30 23:25:07,0,103.251.217.81,100,3,1,2017-07-30 23:25:07,R_2uJKoQtr0oY4IZs,,,,,23.033294677734,72.61669921875,anonymous,EN,,,,,1,,1,,1,,1,,,,,,,,,1,63928066
2017-07-30 23:24:44,2017-07-30 23:25:15,0,73.109.57.102,100,31,1,2017-07-30 23:25:16,R_1BNgl9GJE5dq9SV,,,,,47.151092529297,-122.44920349121,anonymous,EN,,,,,,1,,,,2,,,,,2,1,,,1,,18016181
2017-07-30 23:25:01,2017-07-30 23:25:21,0,172.221.198.176,100,19,1,2017-07-30 23:25:21,R_D2X7IG3wxkEM26l,,,,,37.772094726562,-90.367202758789,anonymous,EN,,2,,2,,1,,,,,,,,,,1,,,,2,46519694
2017-07-30 23:25:03,2017-07-30 23:25:22,0,64.121.219.218,100,18,1,2017-07-30 23:25:22,R_1K0ST0cw4wXB35i,,,,,40.690994262695,-75.279296875,anonymous,EN,1,,,1,,1,,2,,,1,,,,,,,,,,87652337
2017-07-30 23:24:58,2017-07-30 23:25:26,0,70.112.122.120,100,27,1,2017-07-30 23:25:26,R_2ZQBJ0Hq4fgRoRd,,,,,29.989303588867,-97.857200622559,anonymous,EN,,2,,,,1,,,1,,,1,,,1,,,,,,1386437
2017-07-30 23:25:42,2017-07-30 23:26:01,0,107.146.214.180,100,19,1,2017-07-30 23:26:02,R_28CVjuK0yMqpMaK,,,,,35.204406738281,-118.86479949951,anonymous,EN,,,2,,2,,,,,,,,,1,,1,,2,,,52171473
2017-07-30 23:25:49,2017-07-30 23:26:11,0,98.27.178.67,100,21,1,2017-07-30 23:26:11,R_3PdHjalPJSfERlx,,,,,41.148193359375,-81.473602294922,anonymous,EN,,2,,,2,2,,,,,,,,,1,2,,,,,98409254
2017-07-30 23:25:54,2017-07-30 23:26:16,0,192.240.212.4,100,22,1,2017-07-30 23:26:17,R_0fc0Ji3vJHBmMLL,,,,,32.322296142578,-90.108703613281,anonymous,EN,1,,2,,,,,,,,,,,1,,,2,,1,,6039781
2017-07-30 23:26:13,2017-07-30 23:26:25,0,73.35.55.142,100,12,1,2017-07-30 23:26:26,R_1mJgARi8QscSLYo,,,,,30.353302001953,-81.499000549316,anonymous,EN,1,,2,2,,,2,,,,,,,,,1,,,,,91302420
2017-07-30 23:26:10,2017-07-30 23:26:28,0,24.255.46.114,100,17,1,2017-07-30 23:26:28,R_0AtuOeSpZRCgSXL,,,,,33.440307617188,-111.85369873047,anonymous,EN,,,2,2,,,,2,,,,,1,,,1,,,,,5010032
2017-07-30 23:26:26,2017-07-30 23:26:36,0,72.182.75.224,100,10,1,2017-07-30 23:26:36,R_2AL4Q7Gl6fR9p7q,,,,,30.16780090332,-97.82250213623,anonymous,EN,,,,,,1,2,,1,,2,,1,,,,,,,,21498404
2017-07-30 23:25:54,2017-07-30 23:26:41,0,104.137.106.179,100,46,1,2017-07-30 23:26:41,R_24H7TP593sKyfin,,,,,30.501998901367,-87.36009979248,anonymous,EN,,,2,,,,,2,,,,,,,,1,,1,,1,64105036
2017-07-30 23:25:48,2017-07-30 23:26:50,0,70.196.131.215,100,61,1,2017-07-30 23:26:50,R_1LtHElabi3PAyxW,,,,,31.15690612793,-89.400299072266,anonymous,EN,,2,,,,,,,,,1,1,1,,,,1,,,,93937748
2017-07-30 23:26:36,2017-07-30 23:26:58,0,174.221.137.15,100,21,1,2017-07-30 23:26:58,R_cU4hC8Q838MhTWN,,,,,41.639801025391,-88.106002807617,anonymous,EN,,,2,,,2,2,,,1,,,,,,,1,,,,95668607
2017-07-30 23:25:34,2017-07-30 23:26:59,0,72.209.13.68,100,85,1,2017-07-30 23:27:00,R_x9GoGYG2BNd5BF7,,,,,41.775894165039,-72.521499633789,anonymous,EN,,,,1,,,,1,,1,,,,,,,1,,,2,21558184
2017-07-30 23:26:40,2017-07-30 23:27:17,0,73.235.142.3,100,36,1,2017-07-30 23:27:18,R_245ADoDVG9QzBql,,,,,38.693206787109,-121.31159973145,anonymous,EN,,,,,2,,,,1,,,2,,1,,,,,1,,25499140
2017-07-30 23:26:46,2017-07-30 23:27:31,0,45.37.107.151,100,45,1,2017-07-30 23:27:32,R_3G7bmqMrk813Wco,,,,,35.966598510742,-79.041000366211,anonymous,EN,2,,,,,,,,1,,,,,,1,1,,,1,,3967971
2017-07-30 23:27:16,2017-07-30 23:27:55,0,67.183.36.254,100,38,1,2017-07-30 23:27:55,R_QaclBtWeueCnfb3,,,,,47.673797607422,-122.34190368652,anonymous,EN,,,2,,,,,2,,2,,,,,1,,,,1,,57767985
2017-07-30 23:27:59,2017-07-30 23:28:15,0,71.195.177.149,100,16,1,2017-07-30 23:28:16,R_dcJfVVELWEtYj0l,,,,,38.692596435547,-121.26899719238,anonymous,EN,,,,2,,2,,,,,,,,1,,,,,2,2,26006421
2017-07-30 23:27:35,2017-07-30 23:28:16,0,68.231.164.7,100,41,1,2017-07-30 23:28:16,R_1ogRlvh8EfBeIcP,,,,,32.24479675293,-110.92320251465,anonymous,EN,1,2,,,,,2,,,,,,,1,,,,,1,,42119117
2017-07-30 23:28:17,2017-07-30 23:29:12,0,71.65.197.204,100,54,1,2017-07-30 23:29:12,R_1rBuYIj4Bj0cXNT,,,,,35.791198730469,-78.481101989746,anonymous,EN,,2,,,2,,,,,,1,,1,,,,,,2,,14408195
2017-07-30 23:29:43,2017-07-30 23:30:10,0,47.42.93.179,100,27,1,2017-07-30 23:30:11,R_71ZsQ3K4TWxqUzT,,,,,32.347595214844,-97.386703491211,anonymous,EN,,,,1,2,,,,,2,,,,,,1,,,1,,98296691
2017-07-30 23:29:49,2017-07-30 23:30:15,0,107.77.208.100,100,26,1,2017-07-30 23:30:15,R_25tnaeVUS48H48M,,,,,41.848297119141,-87.651702880859,anonymous,EN,1,,,1,,,,2,,,,,1,,,,2,,,,64142476
2017-07-30 23:29:53,2017-07-30 23:30:19,0,45.23.48.240,100,26,1,2017-07-30 23:30:20,R_25ZnkfqdAWAgtgB,,,,,38.542007446289,-89.991897583008,anonymous,EN,1,,,,,1,,,,,1,2,,,,,2,,,,41345550
2017-07-30 23:27:21,2017-07-30 23:30:23,0,36.37.232.97,100,181,1,2017-07-30 23:30:24,R_OOxkXZ42OOuUzi9,,,,,11.5625,104.91598510742,anonymous,EN,,2,,2,,1,,,1,,,,,,1,,,,,,6732109
2017-07-30 23:30:25,2017-07-30 23:30:49,0,1.47.193.236,100,24,1,2017-07-30 23:30:50,R_33sCg9RpeWXozXZ,,,,,13.708297729492,100.45620727539,anonymous,EN,,,2,2,,,2,,,,,1,,,,,,,1,,62532939
2017-07-30 23:26:48,2017-07-30 23:31:05,0,184.56.245.239,100,257,1,2017-07-30 23:31:06,R_1Iu4rl1Eb1m3hSo,,,,,41.481704711914,-81.693397521973,anonymous,EN,,,,1,,1,2,,1,1,,,,,,,,,,,69152634
2017-07-30 23:30:50,2017-07-30 23:31:19,0,108.169.161.66,100,29,1,2017-07-30 23:31:20,R_3NOISsmnTOfWJYB,,,,,39.953704833984,-82.931701660156,anonymous,EN,,,2,,,,2,1,,,,,1,1,,,,,,,54365294
2017-07-30 23:30:51,2017-07-30 23:31:20,0,24.111.148.92,100,28,1,2017-07-30 23:31:20,R_2w0TClFRGowJDsp,,,,,42.836898803711,-96.983299255371,anonymous,EN,,,,,,2,,,2,,,,2,,,,,1,1,,92450369
2017-07-30 23:31:11,2017-07-30 23:31:48,0,24.228.179.119,100,37,1,2017-07-30 23:31:48,R_3246VXky3MfWyls,,,,,40.948699951172,-74.241302490234,anonymous,EN,1,,2,,,,,,,,1,,1,1,,,,,,,38208811
2017-07-30 23:32:21,2017-07-30 23:32:38,0,172.112.206.174,100,16,1,2017-07-30 23:32:38,R_3fK3dd5R388jKis,,,,,33.710998535156,-118.043800354,anonymous,EN,,,,,2,,2,,2,,,,,1,,,2,,,,61767934
2017-07-30 23:32:52,2017-07-30 23:33:33,0,198.45.246.249,100,40,1,2017-07-30 23:33:33,R_3irRJEoyIoARggQ,,,,,34.054397583008,-118.2440032959,anonymous,EN,2,2,,2,,,,,,,,,,,,,1,,,2,21517984
2017-07-30 23:33:57,2017-07-30 23:34:31,0,73.73.9.218,100,34,1,2017-07-30 23:34:32,R_2RVXbZt3tL0C0p5,,,,,42.359497070312,-88.273399353027,anonymous,EN,,,,,,,2,,1,1,,1,,,,,,2,,,35010088
2017-07-30 23:34:01,2017-07-30 23:34:50,0,97.91.66.100,100,49,1,2017-07-30 23:34:51,R_3G0KvAUjUypu4fo,,,,,44.627105712891,-90.198097229004,anonymous,EN,,,,1,1,,,,,2,,1,,,1,,,,,,9103271
2017-07-30 23:35:04,2017-07-30 23:35:26,0,24.171.19.169,100,22,1,2017-07-30 23:35:26,R_2rIN81BtSnehUY4,,,,,38.510498046875,-90.636497497559,anonymous,EN,,,,,,,,1,,2,1,,,,,,,,1,1,53706200
2017-07-30 23:35:02,2017-07-30 23:35:32,0,98.196.142.110,100,30,1,2017-07-30 23:35:33,R_1rxBDOSKK2U3NcJ,,,,,29.638198852539,-95.434700012207,anonymous,EN,,,,,,,2,,,,2,,2,1,,,2,,,,29617935
2017-07-30 23:34:48,2017-07-30 23:36:24,0,184.100.255.28,100,96,1,2017-07-30 23:36:25,R_p6OGCaFkMkh7EGJ,,,,,45.724700927734,-122.74589538574,anonymous,EN,1,,,,,,,1,,1,,1,,,,1,,,,,93259726
2017-07-30 23:32:15,2017-07-30 23:36:53,0,73.248.236.5,100,277,1,2017-07-30 23:36:53,R_2eb3bImd4Rnhlrc,,,,,39.704193115234,-74.254600524902,anonymous,EN,,,,,,1,,,,1,,1,,,,,,1,1,,46810972
2017-07-30 23:38:01,2017-07-30 23:38:15,0,65.27.201.77,100,14,1,2017-07-30 23:38:15,R_1dMnC4DY2SB81LW,,,,,39.78190612793,-84.241302490234,anonymous,EN,,,2,1,,,,,,,,,1,1,,1,,,,,39374734
2017-07-30 23:38:56,2017-07-30 23:39:24,0,24.74.167.113,100,27,1,2017-07-30 23:39:25,R_3sh4Mqz4yFx8j0l,,,,,35.239807128906,-81.584701538086,anonymous,EN,,2,,,2,,,,,,,,1,1,,,,,1,,3507483
2017-07-30 23:39:06,2017-07-30 23:39:46,0,162.228.69.144,100,39,1,2017-07-30 23:39:47,R_3CPYXDfy6zsJPN4,,,,,34.406494140625,-118.4015045166,anonymous,EN,,,2,,2,,,,,,,1,,1,,,,1,,,84423481
2017-07-30 23:39:15,2017-07-30 23:39:46,0,199.66.65.12,100,31,1,2017-07-30 23:39:46,R_XyWaAqOIWZhtC2R,,,,,39.97380065918,-86.176498413086,anonymous,EN,1,,,,,,,2,,,,,,,,,1,,1,2,28045955
2017-07-30 23:39:44,2017-07-30 23:40:15,0,75.174.161.222,100,30,1,2017-07-30 23:40:15,R_3hi5BewpbBYkFvL,,,,,43.595199584961,-116.19540405273,anonymous,EN,2,,2,,,,,,,,2,2,,,,,,1,,,65485562
2017-07-30 23:39:58,2017-07-30 23:40:28,0,14.51.172.74,100,30,1,2017-07-30 23:40:28,R_33mzcznG1QAIzHR,,,,,36.63720703125,127.48968505859,anonymous,EN,,,2,,,,,1,,,,2,,,,1,,,1,,74498643
2017-07-30 23:40:02,2017-07-30 23:40:35,0,47.34.191.149,100,32,1,2017-07-30 23:40:35,R_ZgcIE2QJsd0lfIR,,,,,33.907104492188,-118.07669830322,anonymous,EN,,2,,,,,,,1,,,1,,,1,,,,1,,58159153
2017-07-30 23:41:23,2017-07-30 23:42:01,0,24.255.47.149,100,38,1,2017-07-30 23:42:02,R_2dLMfqtxcc5h75R,,,,,33.440307617188,-111.85369873047,anonymous,EN,1,,,,,1,,1,,,1,,,,1,,,,,,33154550
2017-07-30 23:41:39,2017-07-30 23:42:03,0,100.16.11.246,100,23,1,2017-07-30 23:42:03,R_2fqifcGbzbSmBuF,,,,,39.535903930664,-76.348297119141,anonymous,EN,1,2,,,,,,,,,1,2,,1,,,,,,,96195546
2017-07-30 23:42:09,2017-07-30 23:42:21,0,24.20.93.137,100,12,1,2017-07-30 23:42:22,R_2VxLOg067ow9ZKy,,,,,45.630004882812,-122.51989746094,anonymous,EN,,1,,,,1,,1,,,1,,1,,,,,,,,84264940
2017-07-30 23:43:10,2017-07-30 23:43:26,0,24.31.136.233,100,15,1,2017-07-30 23:43:26,R_UaSf3A9Ax419Rgl,,,,,44.033599853516,-70.75700378418,anonymous,EN,,1,,,,,,,,2,,1,1,,,1,,,,,2602262
2017-07-30 23:44:06,2017-07-30 23:44:59,0,73.153.45.51,100,52,1,2017-07-30 23:44:59,R_2bNziotlVlvBDEI,,,,,40.399597167969,-104.80020141602,anonymous,EN,1,,,,,,,1,,2,,,,,,1,1,,,,51729334
2017-07-30 23:46:25,2017-07-30 23:46:48,0,98.146.133.132,100,23,1,2017-07-30 23:46:48,R_1rNAexEC9OEXOAe,,,,,47.788696289062,-116.71119689941,anonymous,EN,,,,,,,2,,1,,,,1,,,,,,1,2,54054658
2017-07-30 23:46:45,2017-07-30 23:47:12,0,104.173.33.129,100,26,1,2017-07-30 23:47:12,R_2XoNSQ1UYe0EyD3,,,,,33.665496826172,-116.98390197754,anonymous,EN,,,2,,,,,,,,,2,,,,,2,,1,2,98049731
2017-07-30 23:46:43,2017-07-30 23:47:17,0,68.51.108.187,100,34,1,2017-07-30 23:47:18,R_2dY0EBjZ4UDJJZI,,,,,39.653900146484,-85.151802062988,anonymous,EN,1,2,2,2,,,,,,,,,,,,,2,,,,1685799
2017-07-30 23:47:52,2017-07-30 23:48:34,0,68.91.221.16,100,42,1,2017-07-30 23:48:35,R_3neX5MyBjBab1pI,,,,,26.517105102539,-80.178703308105,anonymous,EN,2,,,2,,,,,,,,2,2,,1,,,,,,86490867
2017-07-30 23:49:08,2017-07-30 23:49:46,0,70.185.214.150,100,38,1,2017-07-30 23:49:47,R_cYknMeJfjvBEz1n,,,,,36.146697998047,-95.955497741699,anonymous,EN,1,,,,,,2,,,,,,,,1,1,,,,2,7949018
2017-07-30 23:52:03,2017-07-30 23:52:47,0,98.167.137.53,100,44,1,2017-07-30 23:52:48,R_2YucSlqovRawvWN,,,,,33.38330078125,-112.11150360107,anonymous,EN,,2,2,,,,,,,,,,,,1,1,1,,,,65182697
2017-07-30 23:50:18,2017-07-30 23:53:37,0,97.120.158.119,100,198,1,2017-07-30 23:53:37,R_BA3OsSD6721737X,,,,,45.529495239258,-122.64320373535,anonymous,EN,1,,,,,,,,2,,,,1,1,,,,1,,,61527640
2017-07-30 23:52:58,2017-07-30 23:54:44,0,24.107.137.18,100,106,1,2017-07-30 23:54:45,R_30iAI07hF0yqG56,,,,,38.577606201172,-90.424499511719,anonymous,EN,2,,,,2,,2,2,,,,,,,,,,,1,,9840858
2017-07-30 23:54:33,2017-07-30 23:55:01,0,173.190.2.57,100,27,1,2017-07-30 23:55:02,R_3fGMk7YuukIWx8S,,,,,37.141006469727,-83.737197875977,anonymous,EN,,2,,,2,,,,2,2,,,,,,,2,,,,26321018
2017-07-30 23:54:33,2017-07-30 23:55:03,0,99.203.0.51,100,29,1,2017-07-30 23:55:03,R_sXNILrK5kXV4qhX,,,,,42.195007324219,-83.165000915527,anonymous,EN,,2,,,,2,,,,,,2,1,1,,,,,,,98380093
2017-07-30 23:55:40,2017-07-30 23:56:06,0,68.42.189.4,100,25,1,2017-07-30 23:56:07,R_x4bkiPUBS5AQYdX,,,,,42.556304931641,-83.176902770996,anonymous,EN,,,2,,,1,,,2,,,,1,1,,,,,,,5054883
2017-07-30 23:55:42,2017-07-30 23:56:13,0,73.41.197.67,100,30,1,2017-07-30 23:56:14,R_2QlIPUqsCBpzZxu,,,,,37.411499023438,-120.50389862061,anonymous,EN,,1,,,,,,1,,,,,,1,1,1,,,,,91897959
2017-07-30 23:56:19,2017-07-30 23:56:47,0,24.254.182.123,100,28,1,2017-07-30 23:56:48,R_2rqrWkc3uFwUcBy,,,,,37.214096069336,-80.0625,anonymous,EN,,,,,1,,2,1,1,,1,,,,,,,,,,24599492
2017-07-30 23:58:50,2017-07-30 23:59:20,0,216.158.230.138,100,30,1,2017-07-30 23:59:20,R_12meENSCgPXDksM,,,,,40.78010559082,-74.063301086426,anonymous,EN,1,,,,2,,,1,,,,1,,,,,,,1,,44692630
2017-07-31 00:02:42,2017-07-31 00:03:14,0,65.34.86.167,100,31,1,2017-07-31 00:03:15,R_oZthQ0rr9DkHB85,,,,,27.973098754883,-82.493797302246,anonymous,EN,1,,,,2,,,1,2,,,,,1,,,,,,,73038518
2017-07-31 00:04:15,2017-07-31 00:05:20,0,184.195.187.228,100,65,1,2017-07-31 00:05:21,R_30wKlwum6Pnhry2,,,,,42.464492797852,-83.37629699707,anonymous,EN,,,2,,,,,2,,,,,,,,1,1,,,2,21805766
2017-07-31 00:06:14,2017-07-31 00:06:32,0,45.49.11.239,100,18,1,2017-07-31 00:06:32,R_1FqSSthiaG3q7EB,,,,,34.100601196289,-118.32749938965,anonymous,EN,2,2,2,,,,,,,,,,1,,,,,,,1,46121866
2017-07-31 00:06:26,2017-07-31 00:06:40,0,157.50.15.143,100,13,1,2017-07-31 00:06:41,R_3fTC9CYKTxuAefC,,,,,13.083297729492,80.283294677734,anonymous,EN,1,,,,,,,,,,,1,1,,,,1,,1,,64128839
2017-07-31 00:12:20,2017-07-31 00:13:05,0,23.117.240.246,100,44,1,2017-07-31 00:13:06,R_cU639tmiRUnG4oh,,,,,29.58219909668,-95.760803222656,anonymous,EN,,2,,,,2,,,,,2,,,,2,,,,,2,44924449
2017-07-31 00:13:20,2017-07-31 00:14:07,0,67.249.189.129,100,46,1,2017-07-31 00:14:07,R_2zAs6ncmRCtExFw,,,,,43.076202392578,-75.006103515625,anonymous,EN,,,,,,,,2,1,2,,,,1,,,,,,2,56589843
2017-07-31 00:15:05,2017-07-31 00:15:28,0,45.46.216.21,100,22,1,2017-07-31 00:15:28,R_3fj8tXjwGABgmYj,,,,,43.100494384766,-77.426002502441,anonymous,EN,,,,,1,,,,,,1,,1,1,1,,,,,,94204140
2017-07-31 00:16:14,2017-07-31 00:16:38,0,72.177.12.114,100,23,1,2017-07-31 00:16:39,R_10SqqJIR0N5vhvZ,,,,,30.399993896484,-97.752799987793,anonymous,EN,,,1,,2,2,,,,,,,,,2,1,,,,,63327761
2017-07-31 00:21:52,2017-07-31 00:22:28,0,98.145.14.65,100,35,1,2017-07-31 00:22:28,R_6D1RnyOXUiOZvKV,,,,,32.77360534668,-115.60220336914,anonymous,EN,,2,,1,,,,,,,1,,,,,,2,,1,,51869021
2017-07-31 00:26:54,2017-07-31 00:27:14,0,173.63.161.174,100,20,1,2017-07-31 00:27:15,R_3k6fQyRr9N5h6j4,,,,,41.009902954102,-74.007301330566,anonymous,EN,1,,,,,1,,2,,2,,,,,,,,2,,,59029362
2017-07-31 00:27:26,2017-07-31 00:27:57,0,67.85.89.77,100,31,1,2017-07-31 00:27:58,R_A5O3bdNGmLyrclz,,,,,40.847198486328,-73.898300170898,anonymous,EN,2,2,,,,,,,,2,,,,,,2,,,,2,87072352
2017-07-31 00:34:59,2017-07-31 00:36:10,0,23.115.154.156,100,71,1,2017-07-31 00:36:11,R_2dDSdL7KQHIvejS,,,,,39.05290222168,-121.73289489746,anonymous,EN,2,,,2,,,,,,,2,,,1,2,,,,,,34878037
2017-07-31 00:38:17,2017-07-31 00:39:13,0,98.201.103.10,100,55,1,2017-07-31 00:39:13,R_3lLEoNWeF7Q5Uqe,,,,,30.176605224609,-95.510101318359,anonymous,EN,,,2,,,1,2,2,,,,,,,,,,,1,,69071082
2017-07-31 00:38:47,2017-07-31 00:39:27,0,24.20.124.0,100,39,1,2017-07-31 00:39:27,R_2tFOtS8TdU7mrye,,,,,45.498001098633,-122.77839660645,anonymous,EN,,,,2,2,,2,,,,,,1,,,1,,,,,37439557
2017-07-31 00:40:18,2017-07-31 00:40:43,0,96.28.241.144,100,25,1,2017-07-31 00:40:44,R_xtGbLUosceqhTxv,,,,,37.094100952148,-86.428596496582,anonymous,EN,,,,,2,,2,,,,,,,1,,,,,1,2,70243455
2017-07-31 00:41:54,2017-07-31 00:42:23,0,65.191.210.133,100,28,1,2017-07-31 00:42:23,R_22DKUR0vwSwdbX5,,,,,35.146194458008,-78.994300842285,anonymous,EN,,,,,2,,2,,,2,,,,,2,,2,,,,64300677
2017-07-31 00:43:46,2017-07-31 00:44:10,0,74.193.56.229,100,24,1,2017-07-31 00:44:11,R_DOUAAZkLFlyehhv,,,,,37.81640625,-81.232902526855,anonymous,EN,,,,,1,1,,,,,,,,,,2,,1,1,,66370294
2017-07-31 00:43:52,2017-07-31 00:45:51,0,47.20.124.49,100,118,1,2017-07-31 00:45:52,R_2Cx0ZKxTXqAEyB3,,,,,40.644897460938,-73.958297729492,anonymous,EN,,,,,,1,,,,2,,,,,,1,1,,,1,80125957
2017-07-31 00:46:38,2017-07-31 00:47:24,0,130.126.255.151,100,46,1,2017-07-31 00:47:24,R_2Scc609fX6Mo6Wx,,,,,40.109497070312,-88.212303161621,anonymous,EN,,,2,2,2,,,,,,,,,,1,1,,,,,58355030
2017-07-31 00:48:02,2017-07-31 00:48:25,0,68.192.192.171,100,22,1,2017-07-31 00:48:25,R_2EdearTP4hYEvyi,,,,,40.87190246582,-73.434700012207,anonymous,EN,,1,,,,,2,1,,,,,,,,,1,,1,,70410885
2017-07-31 00:48:37,2017-07-31 00:49:10,0,68.192.192.171,100,32,1,2017-07-31 00:49:11,R_dmuXjJsEb8Hd5Sx,,,,,40.87190246582,-73.434700012207,anonymous,EN,1,,2,,1,,,,,,,,1,,1,,,,,,20738585
2017-07-31 00:48:51,2017-07-31 00:49:12,0,71.47.39.230,100,20,1,2017-07-31 00:49:12,R_1mDidXfZzE6xFRJ,,,,,28.510604858398,-81.197601318359,anonymous,EN,,,,,,,,,2,,1,2,2,,,,1,,,,28341300
2017-07-31 00:49:10,2017-07-31 00:49:57,0,98.215.96.44,100,47,1,2017-07-31 00:49:58,R_ZBPqVfJklQopwCB,,,,,40.777404785156,-89.574897766113,anonymous,EN,1,,,,,,,,,,2,,,,,,2,1,1,,92867074
2017-07-31 00:54:37,2017-07-31 00:55:37,0,172.88.24.195,100,60,1,2017-07-31 00:55:37,R_31HJzDwoaHGiqGf,,,,,34.200500488281,-118.54040527344,anonymous,EN,,,,,,,2,,1,,,2,,,,,2,,,1,71303356
2017-07-31 00:56:31,2017-07-31 00:57:00,0,172.116.28.59,100,29,1,2017-07-31 00:57:00,R_paCbfxSyXlgVwLn,,,,,33.838592529297,-117.20320129395,anonymous,EN,,2,,,,,2,,,,,1,,2,,,,1,,,2244558
2017-07-31 01:01:15,2017-07-31 01:02:12,0,47.183.148.125,100,57,1,2017-07-31 01:02:13,R_6KwWbmetBH991M5,,,,,30.687805175781,-98.47679901123,anonymous,EN,1,,1,,,,2,,1,,1,,,,,,,,,,52721265
2017-07-31 01:01:49,2017-07-31 01:02:21,0,188.232.98.216,100,32,1,2017-07-31 01:02:21,R_cI8lx5SgxE1628V,,,,,55,73.399993896484,anonymous,EN,,,2,,,2,,,,,,2,,,,,1,,,2,5674110
2017-07-31 01:02:43,2017-07-31 01:03:05,0,204.139.85.143,100,22,1,2017-07-31 01:03:06,R_300in2Tox54YuCM,,,,,28.618499755859,-81.433601379395,anonymous,EN,,,2,,2,,,,,,,2,,,,,2,,,2,92721051
2017-07-31 01:09:40,2017-07-31 01:10:13,0,157.50.15.9,100,33,1,2017-07-31 01:10:14,R_4T4a6fBBhNFMjyp,,,,,11.449996948242,77.683288574219,anonymous,EN,,,,,,2,,,1,1,1,,,,,,,,,1,32981837
2017-07-31 01:16:03,2017-07-31 01:16:25,0,70.211.129.183,100,21,1,2017-07-31 01:16:25,R_3RfsFdAHlDbQfXY,,,,,34.12809753418,-118.28929901123,anonymous,EN,,,,,2,,,,1,,2,2,,,1,,,,,,98807379
2017-07-31 01:16:53,2017-07-31 01:17:51,0,96.38.10.65,100,57,1,2017-07-31 01:17:51,R_2Qo0OpIve998ekV,,,,,36.200805664062,-89.02660369873,anonymous,EN,,,,2,,,,2,,,,,,1,,1,,1,,,99039471
2017-07-31 01:14:50,2017-07-31 01:18:43,0,73.99.88.127,100,232,1,2017-07-31 01:18:44,R_vxn09OToHP8Rkw9,,,,,37.348297119141,-79.157096862793,anonymous,EN,2,,,,,,,,,2,,,2,,,2,,2,,,34218400
2017-07-31 01:29:55,2017-07-31 01:30:39,0,107.77.248.132,100,44,1,2017-07-31 01:30:40,R_CZyFoyAbxTRyKHf,,,,,33.748992919922,-84.388000488281,anonymous,EN,,,,2,1,,2,,,,,,,,1,1,,,,,49910382
2017-07-31 01:30:54,2017-07-31 01:31:20,0,208.54.40.254,100,25,1,2017-07-31 01:31:20,R_1Kxre0lHVhjLErf,,,,,42.424102783203,-83.300903320312,anonymous,EN,,,2,1,,,,1,,2,1,,,,,,,,,,31857968
2017-07-31 01:57:14,2017-07-31 01:58:47,0,103.221.52.31,100,92,1,2017-07-31 01:58:47,R_12KpS9yJgS3ZjzT,,,,,23.768707275391,90.390106201172,anonymous,EN,,,2,,,,2,,,,,,1,,,2,,,,2,96861014
2017-07-31 02:04:51,2017-07-31 02:05:10,0,24.229.219.1,100,18,1,2017-07-31 02:05:10,R_3qg20dQBfPyMN37,,,,,41.749893188477,-77.333396911621,anonymous,EN,,2,2,,,,,,,,1,,1,,,1,,,,,10922625
2017-07-31 02:14:43,2017-07-31 02:14:59,0,108.184.215.233,100,16,1,2017-07-31 02:14:59,R_1hArgte1jfc48gd,,,,,33.747406005859,-117.99389648438,anonymous,EN,,2,,,2,1,,,,,,,,,1,2,,,,,83008982
2017-07-31 02:19:38,2017-07-31 02:19:54,0,23.243.120.245,100,16,1,2017-07-31 02:19:55,R_1DIHCbyocdZmfFW,,,,,34.147598266602,-117.45809936523,anonymous,EN,,2,,,,,,,2,,1,,,,1,1,,,,,23314900
2017-07-31 02:19:23,2017-07-31 02:19:57,0,71.197.56.81,100,34,1,2017-07-31 02:19:58,R_24Pll2fKRGbbxSS,,,,,29.822799682617,-81.964797973633,anonymous,EN,,,,1,,1,,,,,,1,,,1,,1,,,,30573491
2017-07-31 02:23:13,2017-07-31 02:23:45,0,107.202.170.88,100,32,1,2017-07-31 02:23:46,R_8jZjhGAECAgDtxn,,,,,35.579803466797,-97.573097229004,anonymous,EN,,,,,,1,,,,1,1,,,,,,,1,2,,96455804
2017-07-31 02:29:51,2017-07-31 02:30:22,0,98.114.235.178,100,30,1,2017-07-31 02:30:22,R_AhfDDNMi5CStc8V,,,,,40.115997314453,-75.013801574707,anonymous,EN,,,,2,,,,,,,1,,1,1,,,,1,,,7639995
2017-07-31 02:37:28,2017-07-31 02:37:54,0,68.116.78.98,100,26,1,2017-07-31 02:37:54,R_1GwOhUHMJ73qfTP,,,,,42.185104370117,-121.61410522461,anonymous,EN,,,,,,,,,,,,,1,1,,1,2,,2,,56039182
2017-07-31 02:39:17,2017-07-31 02:39:34,0,73.216.148.113,100,16,1,2017-07-31 02:39:35,R_vDolJGgVNUMp8tP,,,,,37.516006469727,-77.500503540039,anonymous,EN,1,,,,,,2,,,,1,1,1,,,,,,,,61744414
2017-07-31 02:40:57,2017-07-31 02:41:54,0,75.227.86.159,100,57,1,2017-07-31 02:41:55,R_pGezywl8ymQxkRP,,,,,37.751007080078,-97.821998596191,anonymous,EN,,,2,,2,,,,,1,,,1,,,,,1,,,60403248
2017-07-31 02:46:09,2017-07-31 02:46:34,0,73.49.166.126,100,25,1,2017-07-31 02:46:35,R_2fjNHER6zENWOWg,,,,,26.761596679688,-80.091598510742,anonymous,EN,,,,,,2,,,,,,2,2,,2,,,,,2,6030236
2017-07-31 02:46:52,2017-07-31 02:47:29,0,71.92.206.176,100,36,1,2017-07-31 02:47:29,R_UrOMEIm2LFfXA4h,,,,,34.062698364258,-117.88960266113,anonymous,EN,,,,,1,,2,,,,,,,,1,,,,1,2,27006716
2017-07-31 02:49:27,2017-07-31 02:49:48,0,174.49.222.169,100,21,1,2017-07-31 02:49:49,R_2YFFrVuA1blI9mV,,,,,39.969696044922,-76.793403625488,anonymous,EN,,,2,,,,2,2,,,,2,,,,,,,,2,11613893
2017-07-31 02:53:53,2017-07-31 02:54:11,0,76.115.252.9,100,17,1,2017-07-31 02:54:11,R_ylvCoABMKawvwv7,,,,,44.902297973633,-123.06620025635,anonymous,EN,,,,,2,,,,2,2,2,,,,,1,,,,,98504980
2017-07-31 03:09:05,2017-07-31 03:09:29,0,24.165.182.250,100,24,1,2017-07-31 03:09:30,R_3niWtvw933DCQNT,,,,,41.134292602539,-81.855903625488,anonymous,EN,,2,1,,,,,,1,,,,1,,,,1,,,,75699061
2017-07-31 03:09:07,2017-07-31 03:09:31,0,45.37.87.157,100,23,1,2017-07-31 03:09:31,R_3JxUBNkE99UTBg4,,,,,35.889602661133,-78.92440032959,anonymous,EN,,,2,,,,,,2,2,,,,2,2,,,,,,68407004
2017-07-31 03:11:30,2017-07-31 03:12:08,0,98.163.20.151,100,37,1,2017-07-31 03:12:08,R_3KVHHmzonqbrM45,,,,,37.296493530273,-79.987800598145,anonymous,EN,,,2,2,,,,,,,,,1,1,,1,,,,,33862398
2017-07-31 03:14:46,2017-07-31 03:15:20,0,80.77.41.147,100,34,1,2017-07-31 03:15:21,R_1jfbdcncwvX331I,,,,,50.449996948242,30.523300170898,anonymous,EN,,2,,,,,,,,,1,,,1,,,1,,1,,37361207
2017-07-31 03:16:12,2017-07-31 03:16:47,0,104.240.113.215,100,35,1,2017-07-31 03:16:48,R_231ayiqPpaPZ7Zp,,,,,40.466094970703,-88.903396606445,anonymous,EN,,,,2,,,,,,2,,,,1,,,,,1,2,69137302
2017-07-31 03:17:52,2017-07-31 03:18:14,0,174.255.133.147,100,22,1,2017-07-31 03:18:15,R_26alepw9A5sfHgM,,,,,37.751007080078,-97.821998596191,anonymous,EN,,2,,,,,2,,,,,,,,2,,,2,,2,19377270
2017-07-31 03:19:47,2017-07-31 03:20:56,0,99.129.134.110,100,69,1,2017-07-31 03:20:57,R_3JJiq2KGNFsNSav,,,,,30.454895019531,-97.756500244141,anonymous,EN,,,2,,,,,,1,2,1,,,,1,,,,,,64956762
2017-07-31 03:22:10,2017-07-31 03:22:40,0,173.239.228.82,100,29,1,2017-07-31 03:22:40,R_3kpoO3DYpu6LpeE,,,,,37.338806152344,-121.89140319824,anonymous,EN,1,,,2,,,,1,,,1,,1,,,,,,,,41752372
2017-07-31 03:27:21,2017-07-31 03:28:30,0,66.87.123.79,100,68,1,2017-07-31 03:28:30,R_2zBg9oej8vJUJe3,,,,,25.558395385742,-80.458198547363,anonymous,EN,1,,,,,1,,1,,,,,,,1,,1,,,,12300179
2017-07-31 03:33:39,2017-07-31 03:34:25,0,27.62.85.227,100,45,1,2017-07-31 03:34:26,R_YPonm8U7h2pEXrb,,,,,11.350006103516,77.733306884766,anonymous,EN,1,,,1,2,,2,,,,,,,,,,,,,2,77744861
2017-07-31 03:40:17,2017-07-31 03:40:39,0,88.202.181.8,100,22,1,2017-07-31 03:40:39,R_1EZLHbQv7L0iE1d,,,,,51.496398925781,-0.12240600585938,anonymous,EN,,2,,,,,2,2,,,,,,1,,,,1,,,48514298
2017-07-31 03:49:09,2017-07-31 03:49:35,0,173.90.210.15,100,26,1,2017-07-31 03:49:36,R_3knbdWcpDMls8NB,,,,,42.066696166992,-80.166397094727,anonymous,EN,,,,2,2,,,,,,,,,,1,,,1,,2,5711464
2017-07-31 03:49:28,2017-07-31 03:51:21,0,73.7.94.231,100,112,1,2017-07-31 03:51:21,R_OecCkJMhDZ1QoZr,,,,,33.290603637695,-84.265899658203,anonymous,EN,,,,2,,,,,,,,,,1,,,1,1,1,,8134715
2017-07-31 03:52:56,2017-07-31 03:53:22,0,65.163.62.2,100,25,1,2017-07-31 03:53:22,R_UuKMBhV6wD6nObn,,,,,37.988693237305,-84.487998962402,anonymous,EN,,,2,,,,2,,,,,,1,,,1,,,,1,85468793
2017-07-31 03:55:10,2017-07-31 03:55:36,0,63.243.37.162,100,26,1,2017-07-31 03:55:36,R_2w5h42HAmR8uIUz,,,,,28.618499755859,-81.433601379395,anonymous,EN,,1,1,,2,,,,,,1,,,,,,,,,1,31326068
2017-07-31 03:55:10,2017-07-31 03:55:48,0,174.255.200.65,100,37,1,2017-07-31 03:55:48,R_3rZAmGlMawc9Tg7,,,,,37.751007080078,-97.821998596191,anonymous,EN,,,2,,2,2,,,,,2,,,,,,,2,,,42144193
2017-07-31 03:59:37,2017-07-31 04:00:06,0,192.180.152.68,100,28,1,2017-07-31 04:00:07,R_Qi7e4gyZ1Jau2el,,,,,37.854598999023,-85.896102905273,anonymous,EN,,,,,,2,,,,2,1,1,,,,,,,,2,59442878
2017-07-31 04:03:40,2017-07-31 04:04:10,0,184.0.129.34,100,29,1,2017-07-31 04:04:10,R_sbudq3OhygPdJV7,,,,,36.031005859375,-77.984802246094,anonymous,EN,1,,,,,,2,,,,,,,,,1,1,1,,,15635924
2017-07-31 04:08:24,2017-07-31 04:08:51,0,96.244.147.77,100,26,1,2017-07-31 04:08:51,R_1gdogbUkCG4q74f,,,,,39.204299926758,-76.88330078125,anonymous,EN,,,,,,,,,,2,1,,,,,2,1,,,1,79048858
2017-07-31 04:21:10,2017-07-31 04:21:56,0,98.65.161.247,100,45,1,2017-07-31 04:21:56,R_XLC44Wm4tg05HeF,,,,,29.134796142578,-81.024803161621,anonymous,EN,,2,,,2,,,,,,,2,,,,1,,,,2,93240799
2017-07-31 04:22:29,2017-07-31 04:22:39,0,98.111.237.210,100,9,1,2017-07-31 04:22:39,R_3HNOyLYYZHS3Kpv,,,,,40.423492431641,-79.758796691895,anonymous,EN,,2,,2,,,,,,2,1,,,,1,,,,,,41421831
2017-07-31 04:26:55,2017-07-31 04:27:27,0,50.232.33.18,100,32,1,2017-07-31 04:27:28,R_1dgdN9CXFc5BuYx,,,,,37.339797973633,-77.458602905273,anonymous,EN,,2,,,2,,,,,,2,2,,,2,,,,,,85499194
2017-07-31 04:29:00,2017-07-31 04:29:33,0,73.197.12.36,100,33,1,2017-07-31 04:29:33,R_27mo9Gh8fyZmSgx,,,,,39.880401611328,-75.065399169922,anonymous,EN,,,2,,2,,2,,,,,,1,,,,,1,,,63906018
2017-07-31 04:29:09,2017-07-31 04:29:47,0,35.161.132.34,100,37,1,2017-07-31 04:29:48,R_290b4yQnSgpVgSq,,,,,45.869598388672,-119.68800354004,anonymous,EN,,,,,,1,,,1,,1,1,,,,,,,1,,24617485
2017-07-31 04:35:12,2017-07-31 04:35:53,0,75.182.219.232,100,40,1,2017-07-31 04:35:53,R_1Q6hU7hCyfJKk6f,,,,,35.481292724609,-78.351402282715,anonymous,EN,1,,,,,,2,,2,,,2,,,,,,1,,,28730822
2017-07-31 04:38:31,2017-07-31 04:38:48,0,99.121.91.94,100,16,1,2017-07-31 04:38:48,R_28Tyi74oCyAREFr,,,,,42.375793457031,-83.280799865723,anonymous,EN,,,,,,,2,,,,,1,,1,,1,,1,,,9930281
2017-07-31 04:41:01,2017-07-31 04:44:05,0,108.46.76.91,100,184,1,2017-07-31 04:44:05,R_2QfAtPlLmORyhO8,,,,,40.602401733398,-73.763702392578,anonymous,EN,,,1,,,,,,1,,,2,,1,1,,,,,,96178244
2017-07-31 04:44:31,2017-07-31 04:44:47,0,98.204.21.136,100,16,1,2017-07-31 04:44:48,R_CgeuoR6BRh38fex,,,,,39.482192993164,-77.45760345459,anonymous,EN,,,,2,,,,2,,2,2,,,,2,,,,,,89804108
2017-07-31 04:44:11,2017-07-31 04:44:49,0,162.27.165.130,100,38,1,2017-07-31 04:44:50,R_3HSujbMmnuLHETo,,,,,39.768402099609,-86.157997131348,anonymous,EN,,,,2,1,1,,,,,,,,,1,,,,1,,21754055
2017-07-31 04:45:23,2017-07-31 04:45:55,0,73.40.21.219,100,31,1,2017-07-31 04:45:55,R_2zIl4vxKG8UoL3l,,,,,37.290603637695,-80.101402282715,anonymous,EN,,,,,1,1,2,,,,,,2,1,,,,,,,78099790
2017-07-31 04:46:19,2017-07-31 04:46:52,0,47.186.66.190,100,32,1,2017-07-31 04:46:52,R_1iaMINorxhjqfAp,,,,,33.016204833984,-96.538200378418,anonymous,EN,,,,,,1,,2,2,,1,,,,,1,,,,,99513770
2017-07-31 04:51:41,2017-07-31 04:52:19,0,172.101.50.169,100,38,1,2017-07-31 04:52:20,R_1IWUyYeSJInlCjW,,,,,44.561599731445,-69.55590057373,anonymous,EN,,,,2,,,,2,,,,,1,1,,,,1,,,53365
2017-07-31 04:51:56,2017-07-31 04:52:40,0,99.148.90.175,100,43,1,2017-07-31 04:52:40,R_2uBpI4KRlmtASa0,,,,,42.961898803711,-83.720397949219,anonymous,EN,,,2,,,,,,,2,,,2,,2,,2,,,,27499022
2017-07-31 04:54:47,2017-07-31 04:55:27,0,98.18.173.194,100,40,1,2017-07-31 04:55:28,R_2cpaW6TiEJZy7CO,,,,,42.505401611328,-91.136100769043,anonymous,EN,,,,,,1,2,1,,1,,1,,,,,,,,,52668090
2017-07-31 05:01:30,2017-07-31 05:02:10,0,70.127.130.241,100,40,1,2017-07-31 05:02:10,R_1Dp9bAEXgbB4XqG,,,,,28.085906982422,-82.762496948242,anonymous,EN,,,,2,,1,2,,,,,,,,1,1,,,,,93810002
2017-07-31 05:02:16,2017-07-31 05:02:30,0,98.94.25.196,100,13,1,2017-07-31 05:02:30,R_z8MOKV9aeZVuYEN,,,,,33.448303222656,-81.692100524902,anonymous,EN,,,,,1,1,,1,,,2,,1,,,,,,,,29124484
2017-07-31 05:02:42,2017-07-31 05:03:18,0,72.48.187.182,100,36,1,2017-07-31 05:03:20,R_SOxARaEuLZavqBH,,,,,31.899398803711,-102.34100341797,anonymous,EN,,,1,,1,1,,,1,,,,,,,,,,,1,91014450
2017-07-31 05:03:00,2017-07-31 05:03:28,0,70.192.67.76,100,28,1,2017-07-31 05:03:29,R_2qqRblaEJryF8gr,,,,,40.697296142578,-74.405197143555,anonymous,EN,,2,,,,1,2,,,,,,1,,,,2,,,,84023291
2017-07-31 05:08:06,2017-07-31 05:08:37,0,98.122.84.61,100,30,1,2017-07-31 05:08:38,R_3PvgRbT2Qb5iosP,,,,,32.964706420898,-80.201499938965,anonymous,EN,,,2,,,2,2,,,2,,,1,,,,,,,,83609746
2017-07-31 05:08:51,2017-07-31 05:09:10,0,24.236.195.182,100,18,1,2017-07-31 05:09:10,R_24zOpCAvdfDt2WK,,,,,43.248306274414,-85.326400756836,anonymous,EN,,,,,,,2,,,1,,,1,,,,1,1,,,40536333
2017-07-31 05:09:55,2017-07-31 05:10:15,0,64.121.88.155,100,20,1,2017-07-31 05:10:16,R_1PTsBItHtoznZTQ,,,,,40.615203857422,-75.543701171875,anonymous,EN,,2,,2,2,,,,,,,,,,1,2,,,,,25587592
2017-07-31 05:10:39,2017-07-31 05:11:09,0,99.189.184.91,100,30,1,2017-07-31 05:11:10,R_tJWInPVxBXjrsd3,,,,,41.386199951172,-81.791496276855,anonymous,EN,1,,,,1,,,,,,,1,,,,1,,,1,,59467179
2017-07-31 05:10:48,2017-07-31 05:11:15,0,66.87.133.123,100,27,1,2017-07-31 05:11:16,R_28MdfRgWtddLD4m,,,,,35.234405517578,-80.909103393555,anonymous,EN,1,,,,2,1,,,,1,,,,,,,,,1,,84477828
2017-07-31 05:15:03,2017-07-31 05:15:27,0,68.34.144.87,100,23,1,2017-07-31 05:15:27,R_b71stDnxgREBtM5,,,,,35.048599243164,-85.154998779297,anonymous,EN,,,2,,,,2,,,1,,,,,,2,,1,,,28747273
2017-07-31 05:16:51,2017-07-31 05:17:36,0,70.44.106.168,100,44,1,2017-07-31 05:17:36,R_295lPNS5SO1bHZr,,,,,40.12190246582,-76.780899047852,anonymous,EN,,2,,1,,,2,,2,,,,,,1,,,,,,23317664
2017-07-31 05:18:27,2017-07-31 05:19:07,0,71.60.142.209,100,39,1,2017-07-31 05:19:08,R_Xpt6tJ89IadKA0x,,,,,40.321197509766,-79.379501342773,anonymous,EN,,,,2,,,,,,,,2,,,2,,,2,2,,85942626
2017-07-31 05:21:53,2017-07-31 05:22:28,0,71.90.191.193,100,34,1,2017-07-31 05:22:28,R_2YhWq1a8x8bWJeU,,,,,30.533493041992,-92.116302490234,anonymous,EN,,,2,,,,2,2,,,2,,,,,,,,,2,71285971
2017-07-31 05:23:36,2017-07-31 05:24:07,0,72.83.18.161,100,31,1,2017-07-31 05:24:08,R_333wdS8ctQgXlQV,,,,,38.641906738281,-77.346298217773,anonymous,EN,,,,,,,,,1,2,,,,,,,,1,1,2,16140822
2017-07-31 05:24:04,2017-07-31 05:24:26,0,168.11.77.198,100,21,1,2017-07-31 05:24:26,R_TdQxSHZtPpAykff,,,,,32.078506469727,-81.132102966309,anonymous,EN,,,,,2,1,,,,,,,,1,,,,2,,2,44987103
2017-07-31 05:24:17,2017-07-31 05:24:36,0,208.102.161.204,100,18,1,2017-07-31 05:24:36,R_W1IYqaraQUIXl0l,,,,,39.146606445312,-84.51969909668,anonymous,EN,,,2,,,,,2,,,,,2,1,,,1,,,,94401012
2017-07-31 05:25:49,2017-07-31 05:26:18,0,73.142.22.16,100,29,1,2017-07-31 05:26:19,R_3Ebs05tzYEEuw4P,,,,,41.978302001953,-70.746696472168,anonymous,EN,,2,,2,2,1,,2,,,,,,,,,,,,,32729477
2017-07-31 05:25:47,2017-07-31 05:26:22,0,75.35.171.245,100,35,1,2017-07-31 05:26:23,R_1Ft7cMDLooreCkM,,,,,33.073501586914,-96.903198242188,anonymous,EN,,,,,,1,,,,,1,,,1,2,2,,,,,2180863
2017-07-31 05:29:02,2017-07-31 05:29:41,0,24.1.203.166,100,38,1,2017-07-31 05:29:41,R_2bQ5OgYL8jXsEYe,,,,,42.038192749023,-87.728500366211,anonymous,EN,,,2,,,,,1,1,2,,,,,,1,,,,,18580966
2017-07-31 05:30:31,2017-07-31 05:31:17,0,71.223.80.226,100,46,1,2017-07-31 05:31:18,R_3JfPAObtD7whlrt,,,,,33.462707519531,-111.98560333252,anonymous,EN,,,,,,1,,,,1,,,1,,,,1,1,,,96909666
2017-07-31 05:30:48,2017-07-31 05:31:25,0,71.120.119.160,100,36,1,2017-07-31 05:31:25,R_vMHfmI9w4FnY4jT,,,,,40.939498901367,-75.969497680664,anonymous,EN,2,,2,,,,,2,,,,,,,2,2,,,,,63528568
2017-07-31 05:31:10,2017-07-31 05:31:33,0,155.178.180.12,100,22,1,2017-07-31 05:31:33,R_2fvAiTncagy5e5e,,,,,39.454299926758,-74.73210144043,anonymous,EN,,2,,,,,,,2,,,,1,,,1,,2,,,70607627
2017-07-31 05:35:04,2017-07-31 05:35:38,0,74.136.136.18,100,33,1,2017-07-31 05:35:38,R_1eQAAuY179rUlNd,,,,,38.015899658203,-84.484703063965,anonymous,EN,,,,,2,,,2,,,,,,1,,,2,1,,,8547989
2017-07-31 05:38:15,2017-07-31 05:38:38,0,173.75.248.33,100,22,1,2017-07-31 05:38:39,R_21mFeZif1eipw57,,,,,39.90559387207,-75.487396240234,anonymous,EN,,2,,,,,,,2,,1,,,1,,,,1,,,78978970
2017-07-31 05:40:42,2017-07-31 05:41:26,0,172.75.176.90,100,43,1,2017-07-31 05:41:26,R_2ZJ4IxsQzHm9W9c,,,,,33.990005493164,-81.101600646973,anonymous,EN,,,2,,2,,,,,,,1,1,,,,1,,,,4954626
2017-07-31 05:44:56,2017-07-31 05:45:30,0,24.38.164.117,100,34,1,2017-07-31 05:45:30,R_6tn3NV35u22cGBP,,,,,41.729904174805,-71.258201599121,anonymous,EN,,2,,,2,,,,,1,,,,,,,2,1,,,42519401
2017-07-31 06:02:48,2017-07-31 06:03:15,0,98.252.8.191,100,26,1,2017-07-31 06:03:15,R_3flCPg8vhC617Bn,,,,,38.688598632812,-75.073303222656,anonymous,EN,,2,2,,,,,,,2,,,,,,1,2,,,,42391558
2017-07-31 06:04:35,2017-07-31 06:05:01,0,174.101.154.38,100,25,1,2017-07-31 06:05:01,R_2dRXYwZLbgVbj3Z,,,,,39.136505126953,-84.432502746582,anonymous,EN,,,,,,1,2,,,,,2,,,,,2,2,,,50621548
2017-07-31 06:05:37,2017-07-31 06:05:57,0,47.37.152.236,100,19,1,2017-07-31 06:05:57,R_UxqOOHvtKUUkgtH,,,,,34.1748046875,-117.87509918213,anonymous,EN,,2,,,,,2,,,2,,,,,,,2,,,2,45372961
2017-07-31 06:03:35,2017-07-31 06:06:22,0,138.254.99.51,100,166,1,2017-07-31 06:06:24,R_2EskW1Q3ctSHOPZ,,,,,32.778701782227,-96.821701049805,anonymous,EN,1,,,,1,,2,,,,,,,2,,,,1,,,42848801
2017-07-31 06:10:44,2017-07-31 06:11:03,0,12.218.182.74,100,18,1,2017-07-31 06:11:03,R_vq9XzCB0vBuOXRv,,,,,27.789596557617,-80.599601745605,anonymous,EN,1,,1,,,,2,2,,,1,,,,,,,,,,21541003
2017-07-31 06:12:17,2017-07-31 06:13:40,0,68.60.52.25,100,82,1,2017-07-31 06:13:40,R_4MeVYCw6FOQSaYh,,,,,42.987503051758,-82.466598510742,anonymous,EN,,,,,,,,2,,,,2,,2,2,,,,,2,95674545
2017-07-31 06:17:53,2017-07-31 06:18:19,0,178.236.57.104,100,25,1,2017-07-31 06:18:20,R_2DTDrjNfdulqotU,,,,,41.725006103516,44.790802001953,anonymous,EN,,,,,,,2,,,1,1,,1,,,1,,,,,45615652
2017-07-31 06:23:30,2017-07-31 06:23:48,0,99.109.98.84,100,18,1,2017-07-31 06:23:49,R_3F7FNPOPUl9simB,,,,,32.85920715332,-97.081901550293,anonymous,EN,,,,,1,,,2,,,,,,1,,,,,1,2,63230023
2017-07-31 06:26:03,2017-07-31 06:26:27,0,99.127.82.244,100,23,1,2017-07-31 06:26:27,R_2uQXrbobZyV1Xi8,,,,,28.589797973633,-81.492797851562,anonymous,EN,2,,2,,2,1,,,,,,,,,,,1,,,,27158844
2017-07-31 06:17:32,2017-07-31 06:26:29,0,68.231.84.3,100,536,1,2017-07-31 06:26:29,R_1fghDUB46HObcnO,,,,,33.616104125977,-111.94560241699,anonymous,EN,,,,,,,,1,1,,2,,,,,2,,,2,,29741391
2017-07-31 06:32:01,2017-07-31 06:32:29,0,24.113.54.27,100,27,1,2017-07-31 06:32:29,R_1DHbFSgMSirDtWf,,,,,47.5458984375,-122.58889770508,anonymous,EN,,1,,,,,,,,,1,,1,,1,,,,1,,53634449
2017-07-31 06:44:24,2017-07-31 06:44:43,0,64.188.168.234,100,19,1,2017-07-31 06:44:44,R_3m4Wtq8QTsxUO7R,,,,,43.363998413086,-115.52020263672,anonymous,EN,1,,,,,,2,,1,,,,1,,,,1,,,,96302726
2017-07-31 06:44:52,2017-07-31 06:45:31,0,199.195.253.124,100,38,1,2017-07-31 06:45:31,R_3JJ0Q7bbWT4e6ad,,,,,42.88639831543,-78.878402709961,anonymous,EN,,,,1,,,1,,,,,,1,1,1,,,,,,64531074
2017-07-31 06:47:59,2017-07-31 06:48:15,0,69.85.236.5,100,15,1,2017-07-31 06:48:15,R_2fBdK8ROVR5DFCa,,,,,30.694396972656,-88.042999267578,anonymous,EN,,2,,,,,,1,,,1,,,1,,,,,1,,26180907
2017-07-31 06:48:03,2017-07-31 06:48:18,0,108.66.214.58,100,15,1,2017-07-31 06:48:18,R_eyW1ezpEQf9U3KN,,,,,35.646102905273,-78.5791015625,anonymous,EN,,2,,,,,,2,,,,,,,,1,1,1,,,33402063
2017-07-31 06:50:20,2017-07-31 06:50:47,0,192.171.200.138,100,26,1,2017-07-31 06:50:47,R_Rzcl7kqT0B2pNCx,,,,,36.414596557617,-89.139602661133,anonymous,EN,,,2,,,2,,,,2,,,,,1,,,,1,,58631901
2017-07-31 07:02:20,2017-07-31 07:02:43,0,172.75.56.99,100,22,1,2017-07-31 07:02:44,R_2q7WK87vpaDmgUm,,,,,33.097503662109,-80.175300598145,anonymous,EN,,,,,,,2,2,,2,,,,,,,,1,,2,99675372
2017-07-31 07:08:21,2017-07-31 07:09:06,0,24.96.223.105,100,44,1,2017-07-31 07:09:06,R_1C3mMDnF2BGrRjs,,,,,30.160797119141,-85.625,anonymous,EN,,2,,,1,1,,,,,,,,,1,,,1,,,65371129
2017-07-31 07:14:36,2017-07-31 07:15:16,0,75.171.186.86,100,39,1,2017-07-31 07:15:17,R_2bQ8yyzDJ0MeDyU,,,,,39.660293579102,-104.84380340576,anonymous,EN,,,1,,2,,,,1,,,,,,,1,,,1,,36106402
2017-07-31 07:15:00,2017-07-31 07:15:19,0,108.9.111.162,100,18,1,2017-07-31 07:15:19,R_33jKxbKrmBojjfO,,,,,28.05110168457,-82.450698852539,anonymous,EN,,,,,,,2,,,,,1,2,,,1,2,,,,3916771
2017-07-31 07:22:17,2017-07-31 07:22:37,0,74.103.175.21,100,20,1,2017-07-31 07:22:38,R_3NQZEwEG8qiOguo,,,,,40.124603271484,-75.538497924805,anonymous,EN,,,,,,,,,,,,,,,1,1,1,1,,1,19018573
2017-07-31 07:22:44,2017-07-31 07:23:12,0,75.135.111.17,100,27,1,2017-07-31 07:23:13,R_2yseTqJCX5pZ1Q4,,,,,41.690902709961,-72.297996520996,anonymous,EN,2,,,,,,2,,,2,,,,1,,1,,,,,76538679
2017-07-31 07:26:25,2017-07-31 07:26:36,0,50.24.98.165,100,11,1,2017-07-31 07:26:36,R_tZ0lZSTLDWkCAjn,,,,,30.567001342773,-96.283699035645,anonymous,EN,,,,,,,2,2,,,2,,,,,,2,,,2,33814317
2017-07-31 07:40:27,2017-07-31 07:41:01,0,66.208.234.122,100,33,1,2017-07-31 07:41:01,R_2QroqDkFIcOCwbJ,,,,,38.403396606445,-82.357696533203,anonymous,EN,,,,,,1,,,,,1,,,,,2,,,1,1,60035002
2017-07-31 08:04:29,2017-07-31 08:05:07,0,75.132.32.99,100,37,1,2017-07-31 08:05:07,R_1DAXxfQ30uOAplS,,,,,38.423095703125,-90.400596618652,anonymous,EN,,,,,2,,,1,,,,,1,,2,1,,,,,4399735
2017-07-31 08:19:25,2017-07-31 08:20:00,0,2.237.160.197,100,34,1,2017-07-31 08:20:00,R_2rZ3Wyx9Pe72W9n,,,,,40.851898193359,14.478302001953,anonymous,EN,,,,2,,,,2,1,,,,,,,,,,1,2,11291393
2017-07-31 08:30:31,2017-07-31 08:30:37,0,64.75.121.151,100,6,1,2017-07-31 08:30:38,R_7U0lqTYBr8yqVk5,,,,,41.655807495117,-74.686798095703,anonymous,EN,,,1,,,,,,,2,2,,,,,,2,2,,,17273681
2017-07-31 08:32:51,2017-07-31 08:33:43,0,104.200.148.182,100,51,1,2017-07-31 08:33:44,R_25zGNjOMDwSxsHj,,,,,34.054397583008,-118.2440032959,anonymous,EN,,,,,2,,,,,,,,,1,,1,,,2,2,40212981
2017-07-31 08:34:16,2017-07-31 08:34:34,0,73.238.212.54,100,18,1,2017-07-31 08:34:35,R_eFNSXhlGxAX9W9j,,,,,41.681594848633,-72.940498352051,anonymous,EN,1,,,,1,,,,,,,2,,,,2,,2,,,89770314
2017-07-31 08:49:27,2017-07-31 08:49:50,0,8.40.81.220,100,22,1,2017-07-31 08:49:50,R_3FR64Ywtrijnga2,,,,,41.429092407227,-75.594596862793,anonymous,EN,1,2,2,,,,,,,,,,1,,,,,,,2,67770701
2017-07-31 08:50:21,2017-07-31 08:50:49,0,112.134.64.185,100,28,1,2017-07-31 08:50:50,R_1Qm6k5whYNvxHxz,,,,,6.852294921875,79.865600585938,anonymous,EN,1,,,,,,,,1,,1,,,1,1,,,,,,85999436
2017-07-31 08:49:59,2017-07-31 08:50:52,0,68.187.136.108,100,52,1,2017-07-31 08:50:53,R_3oHM9rFZnvXndDf,,,,,46.563201904297,-90.90650177002,anonymous,EN,2,,2,,,1,,,1,,,,,,1,,,,,,677511
2017-07-31 09:00:06,2017-07-31 09:00:36,0,162.138.210.3,100,29,1,2017-07-31 09:00:37,R_1DJcqzfPzmhyLV3,,,,,38.893295288086,-77.014602661133,anonymous,EN,,,,,2,,2,,,,1,,,,,,2,1,,,45708945
2017-07-31 09:07:32,2017-07-31 09:07:46,0,167.177.39.9,100,13,1,2017-07-31 09:07:46,R_XiEyft4wVZGDvjP,,,,,45.010192871094,-93.342796325684,anonymous,EN,,2,2,1,2,,,,,,,,,1,,,,,,,72778575
2017-07-31 09:09:47,2017-07-31 09:10:36,0,160.3.1.46,100,48,1,2017-07-31 09:10:37,R_2v7IkgmpJIcLGee,,,,,32.703796386719,-109.65579986572,anonymous,EN,1,2,2,,,1,,,,,,,,,2,,,,,,39224797
2017-07-31 09:24:37,2017-07-31 09:24:58,0,23.112.114.15,100,21,1,2017-07-31 09:24:58,R_3qkcOwq0xJBHlKL,,,,,28.531097412109,-80.85230255127,anonymous,EN,,,,,1,1,,,1,,,1,,,,,,,,1,95449929
2017-07-31 09:29:05,2017-07-31 09:29:32,0,97.106.138.125,100,26,1,2017-07-31 09:29:32,R_577AlYeMnFnjUNr,,,,,28.028793334961,-82.768898010254,anonymous,EN,,,2,2,,,2,,,,,,,,,1,,,1,,21613907
2017-07-31 09:31:33,2017-07-31 09:32:28,0,107.210.13.10,100,54,1,2017-07-31 09:32:28,R_PBexFBAl66XOfvP,,,,,36.741104125977,-119.74990081787,anonymous,EN,1,,2,,,2,2,,,,,,1,,,,,,,,10223592
2017-07-31 09:33:48,2017-07-31 09:34:20,0,71.41.254.82,100,31,1,2017-07-31 09:34:20,R_1GU1A2CHSNuWQTA,,,,,26.15950012207,-97.990798950195,anonymous,EN,,,2,,,,,2,,,,2,,1,,,,1,,,11383273
2017-07-31 09:42:15,2017-07-31 09:42:43,0,97.78.46.222,100,28,1,2017-07-31 09:42:44,R_1HepvveqfERRSAd,,,,,33.522506713867,-86.76830291748,anonymous,EN,,,,,,1,,,,1,,,,1,2,,1,,,,36229820
2017-07-31 09:43:47,2017-07-31 09:44:11,0,108.232.39.22,100,23,1,2017-07-31 09:44:12,R_tJMz5YUrp67HyI9,,,,,35.314300537109,-96.966003417969,anonymous,EN,,,2,,2,,,,,,,2,2,,2,,,,,,9431900
2017-07-31 09:45:47,2017-07-31 09:46:07,0,173.26.139.49,100,20,1,2017-07-31 09:46:08,R_3Pk4qQLzPIHav5y,,,,,37.170196533203,-93.329696655273,anonymous,EN,,2,,2,,,2,,,2,,,,,,,,,,2,63631080
2017-07-31 09:49:57,2017-07-31 09:50:31,0,174.64.160.193,100,34,1,2017-07-31 09:50:32,R_1ms0vQ1EmyyPiIA,,,,,29.957901000977,-91.872100830078,anonymous,EN,,2,,2,,2,,,,,,,,,2,2,,,,,70502687
2017-07-31 10:10:09,2017-07-31 10:10:43,0,50.203.223.6,100,34,1,2017-07-31 10:10:44,R_3CHp53DThTMUOfw,,,,,33.757400512695,-84.43270111084,anonymous,EN,,2,,2,2,1,,2,,,,,,,,,,,,,73200814
2017-07-31 10:16:23,2017-07-31 10:16:47,0,50.192.66.225,100,23,1,2017-07-31 10:16:47,R_3n3pFft3GET0Yfb,,,,,29.619705200195,-95.63500213623,anonymous,EN,,,,,2,1,,,,2,,,,,,1,2,,,,43195766
2017-07-31 10:39:59,2017-07-31 10:40:08,0,70.138.153.28,100,9,1,2017-07-31 10:40:09,R_3EWN5XhizvRYhLU,,,,,29.673492431641,-95.479301452637,anonymous,EN,,2,,,,,1,1,,,,2,,,,,1,,,,65054357
2017-07-31 10:43:48,2017-07-31 10:44:10,0,40.139.48.86,100,22,1,2017-07-31 10:44:11,R_3IbdXSQcKz8qgH7,,,,,41.891693115234,-87.935897827148,anonymous,EN,1,2,,,2,,,,1,,,,,,,,,1,,,13976295
2017-07-31 10:48:53,2017-07-31 10:49:37,0,162.212.80.42,100,43,1,2017-07-31 10:49:37,R_DOG4SMnTxpZZeU1,,,,,40.754898071289,-73.974998474121,anonymous,EN,1,,,1,,,2,2,,,,,,,,,,1,,,11259844
2017-07-31 10:56:55,2017-07-31 10:57:20,0,216.81.81.82,100,24,1,2017-07-31 10:57:21,R_2CJOIURKi8BVIRs,,,,,38.874893188477,-77.032501220703,anonymous,EN,,,,,2,,,,1,2,,,2,1,,,,,,,80010485
2017-07-31 10:59:49,2017-07-31 11:00:23,0,104.10.77.71,100,33,1,2017-07-31 11:00:23,R_296e3LshPrQggvv,,,,,32.950103759766,-80.089599609375,anonymous,EN,,,,2,2,1,,2,1,,,,,,,,,,,,82210620
2017-07-31 11:03:58,2017-07-31 11:04:29,0,66.213.50.9,100,30,1,2017-07-31 11:04:29,R_123lAmSRTsD7x25,,,,,40.817199707031,-81.438499450684,anonymous,EN,1,2,,,2,,2,,,,,,1,,,,,,,,72902262
2017-07-31 11:09:18,2017-07-31 11:09:44,0,23.112.240.10,100,26,1,2017-07-31 11:09:45,R_2SCYcVboajeCv6A,,,,,32.71940612793,-96.612503051758,anonymous,EN,,2,,,2,2,,,,2,,,,,2,,,,,,18988612
2017-07-31 11:16:30,2017-07-31 11:16:53,0,216.66.74.22,100,22,1,2017-07-31 11:16:54,R_3elu936auKomT7g,,,,,31.628601074219,-97.098899841309,anonymous,EN,1,,,1,2,,,2,,,,,,,,,,,,1,35471412
2017-07-31 11:16:53,2017-07-31 11:17:11,0,73.171.215.54,100,18,1,2017-07-31 11:17:12,R_1Is0IViN6pZArdt,,,,,30.286605834961,-81.514999389648,anonymous,EN,,,,1,1,,2,,,,,,1,,1,,,,,,83057638
2017-07-31 11:21:31,2017-07-31 11:21:59,0,67.161.32.247,100,28,1,2017-07-31 11:21:59,R_3EL2akzvSjZmsF8,,,,,37.567092895508,-122.37100219727,anonymous,EN,,2,2,,,1,,,,,,,,,,,1,,2,,27019552
2017-07-31 11:21:59,2017-07-31 11:22:28,0,72.175.125.199,100,29,1,2017-07-31 11:22:28,R_3nHJqIFxbsEb65O,,,,,38.477905273438,-105.45559692383,anonymous,EN,1,,,1,,,2,,,,,,,1,,,,1,,,74793385
2017-07-31 11:23:31,2017-07-31 11:23:53,0,96.80.137.109,100,21,1,2017-07-31 11:23:53,R_2RUO9WS0u9LnJzd,,,,,40.668701171875,-74.114303588867,anonymous,EN,1,2,,,,,,,1,,,,,1,1,,,,,,58057509
2017-07-31 11:26:22,2017-07-31 11:26:47,0,99.43.230.207,100,24,1,2017-07-31 11:26:47,R_1DnAzLACaaFxKyU,,,,,39.049499511719,-94.408996582031,anonymous,EN,1,2,,1,,,,,,1,1,,,,,,,,,,17972783
2017-07-31 11:28:30,2017-07-31 11:29:03,0,75.109.106.225,100,32,1,2017-07-31 11:29:04,R_2rMFKZ8dHGN5Kp4,,,,,38.982192993164,-81.703796386719,anonymous,EN,,2,2,,2,,,,,,,,,,,1,1,,,,87507726
2017-07-31 11:30:27,2017-07-31 11:30:57,0,73.180.204.21,100,29,1,2017-07-31 11:30:57,R_1jj1uMn7kFA90kf,,,,,39.050994873047,-76.728500366211,anonymous,EN,,,,1,,,,,2,2,,,,,2,,,2,,,24617852
2017-07-31 11:30:45,2017-07-31 11:31:09,0,68.129.105.158,100,23,1,2017-07-31 11:31:09,R_2QKaXPVJP78dRFC,,,,,41.060501098633,-74.0166015625,anonymous,EN,,2,,,2,,,,,,,2,2,,,,,,1,,80544152
2017-07-31 11:31:40,2017-07-31 11:32:10,0,173.165.121.234,100,29,1,2017-07-31 11:32:10,R_2QAvoH7z2fD4xow,,,,,41.69889831543,-88.078903198242,anonymous,EN,,,,,2,,2,,,1,,,,,,1,,1,,,67464871
2017-07-31 11:31:44,2017-07-31 11:32:09,0,24.127.91.103,100,24,1,2017-07-31 11:32:10,R_3fZau1EMnyk8srn,,,,,41.911499023438,-83.465103149414,anonymous,EN,,1,,,,,2,1,,,1,1,,,,,,,,,85775392
2017-07-31 11:31:50,2017-07-31 11:32:32,0,71.125.3.240,100,42,1,2017-07-31 11:32:32,R_UPF9r49tG4eF8FH,,,,,40.781005859375,-73.252197265625,anonymous,EN,,,,,,1,1,,,,,,1,,1,,,1,,,84030163
2017-07-31 11:41:11,2017-07-31 11:41:23,0,73.166.144.105,100,11,1,2017-07-31 11:41:23,R_2b3N2HQAHyTt2mc,,,,,30.212997436523,-95.538597106934,anonymous,EN,2,,,,,,,,,1,1,,1,,1,,,,,,21487421
2017-07-31 11:44:12,2017-07-31 11:45:44,0,108.195.14.252,100,92,1,2017-07-31 11:45:44,R_2cCQCp0vDHarYSn,,,,,25.958404541016,-80.142303466797,anonymous,EN,2,,,,2,1,,1,,,,,1,,,,,,,,92048163
2017-07-31 11:47:15,2017-07-31 11:47:43,0,107.77.224.213,100,27,1,2017-07-31 11:47:43,R_1PYJe0AKdWnrXtE,,,,,40.805603027344,-73.916900634766,anonymous,EN,,,,1,,1,,2,,,,,,1,,1,,,,,4582134
2017-07-31 11:51:24,2017-07-31 11:51:40,0,192.30.205.25,100,16,1,2017-07-31 11:51:41,R_29dp6VCs3IkGNeN,,,,,39.952301025391,-75.163803100586,anonymous,EN,,2,2,,2,,,,,,,2,,,,,,,1,,12097868
2017-07-31 11:55:33,2017-07-31 11:56:04,0,72.46.177.102,100,31,1,2017-07-31 11:56:04,R_3soACIjb0eYiYPK,,,,,44.130798339844,-94,anonymous,EN,,,,,,,,,,,1,1,1,,,1,,,,1,41341861
2017-07-31 12:16:13,2017-07-31 12:16:59,0,97.32.8.52,100,46,1,2017-07-31 12:16:59,R_1gkjELATKmzVRNe,,,,,37.751007080078,-97.821998596191,anonymous,EN,,,,1,,,,,,,,1,,,,,1,,1,2,89918156
2017-07-31 12:16:49,2017-07-31 12:17:06,0,77.85.27.198,100,17,1,2017-07-31 12:17:07,R_2QlAaFvLl6OcjmN,,,,,42.683303833008,23.316696166992,anonymous,EN,,,2,,,,2,2,,,,,1,,,,,2,,,92464162
2017-07-31 12:27:54,2017-07-31 12:28:17,0,99.125.178.4,100,23,1,2017-07-31 12:28:18,R_3RfWx1iDLfnlP5D,,,,,25.484497070312,-80.509902954102,anonymous,EN,,,,,2,,,,,,,,2,,2,1,,2,,,34044223
2017-07-31 12:30:07,2017-07-31 12:30:28,0,24.147.249.248,100,20,1,2017-07-31 12:30:28,R_pv2eynI875yusr7,,,,,41.88330078125,-72.361099243164,anonymous,EN,1,,,2,,,,,,,,2,,,1,,2,,,,32404538
2017-07-31 12:30:19,2017-07-31 12:30:33,0,24.27.114.239,100,13,1,2017-07-31 12:30:34,R_1pPw7wHDUUiVWnL,,,,,32.787704467773,-96.800003051758,anonymous,EN,,,,,,,2,,,1,1,,,,,,1,1,,,28242574
2017-07-31 12:30:50,2017-07-31 12:31:35,0,108.210.12.140,100,45,1,2017-07-31 12:31:36,R_1q4folMTfLV7Q35,,,,,38.610702514648,-90.318702697754,anonymous,EN,,,,,2,,,,,,,1,,,1,1,,1,,,9961526
2017-07-31 12:33:44,2017-07-31 12:34:41,0,99.203.15.157,100,57,1,2017-07-31 12:34:42,R_3CN02iFVUkrLrny,,,,,41.774200439453,-87.715301513672,anonymous,EN,,,,,,,2,2,,,,,,,2,2,,,2,,96526923
2017-07-31 12:35:33,2017-07-31 12:36:06,0,70.189.79.180,100,32,1,2017-07-31 12:36:06,R_2tLOvT10fhfI0M3,,,,,36.146697998047,-95.955497741699,anonymous,EN,,2,,,,,,,,,1,,,,,1,,,1,1,76686283
2017-07-31 12:54:14,2017-07-31 12:54:46,0,72.36.113.165,100,31,1,2017-07-31 12:54:46,R_3ETolT2P7M0EFb1,,,,,40.109497070312,-88.212303161621,anonymous,EN,2,,,,,,2,,,,2,,,,,,,,2,2,44495803
